<?xml version="1.0" encoding="UTF-8" standalone="no"?><addressBook>
    <entry>
        <firstName>John</firstName>
        <lastName>Doe</lastName>
        <state>CA</state>
        <zipCode>90210</zipCode>
    </entry>
    <entry>
        <firstName>Jane</firstName>
        <lastName>Smith</lastName>
        <state>NY</state>
        <zipCode>10001</zipCode>
    </entry>
<address><firstName>Reba</firstName><lastName>Ponniah</lastName><state>VA</state><zipCode>23059</zipCode></address>
<address><firstName>Rina</firstName><lastName>Ponniah</lastName><state>VA</state><zipCode>23059</zipCode></address>

</addressBook>